id_empleado,id_cargo,fecha_ingreso,nombre_empleado,apellido_empleado,domicilio_empleado,id_localidad,id_pais,id_provincia
1,1,2023-06-27,Dita,Hydes,Avenida 456,37,1,9
2,6,2022-12-19,Debee,Ferro,Calle 123,90,1,22
3,5,2023-04-23,Willie,Osboldstone,Plaza 789,31,1,19
4,1,2023-04-08,Xena,Redier,Calle 123,98,1,5
5,3,2022-11-07,Doe,Goldup,Plaza 789,30,1,11
6,4,2023-08-04,Toni,Brenard,Avenida 456,40,1,2
7,3,2023-02-08,Hyacinthie,Castleton,Calle 123,80,1,21
8,3,2023-07-26,Kara-lynn,Knappe,Calle 123,85,1,13
9,3,2022-10-23,Edgardo,Cathenod,Calle 123,11,1,6
10,7,2023-02-07,Johnathon,Bosket,Calle 123,22,1,9
11,1,2023-02-27,Emmet,Gilmore,Avenida 456,86,1,6
12,1,2023-04-28,Ada,Beddis,Plaza 789,50,1,6
13,6,2023-05-20,Jacki,Batty,Plaza 789,9,1,7
14,1,2023-08-11,Shela,Stainfield,Avenida 456,21,1,1
15,3,2023-06-29,Carrol,Romero,Plaza 789,61,1,12
16,1,2023-08-17,Matias,Friman,Calle 123,32,1,9
17,6,2023-03-17,Corie,Banke,Plaza 789,76,1,23
18,2,2023-06-26,Delaney,Horning,Plaza 789,72,1,18
19,5,2023-05-26,Hank,Scoble,Plaza 789,82,1,13
20,2,2023-03-16,Ray,Rahlof,Avenida 456,22,1,17
21,1,2023-03-20,Carol,Greensides,Plaza 789,58,1,8
22,5,2023-01-17,Jessi,Barrabeale,Calle 123,19,1,8
23,5,2023-05-10,L;urette,Cleveley,Avenida 456,8,1,20
24,7,2022-10-20,Thea,Venes,Plaza 789,78,1,9
25,6,2023-03-04,Nataniel,Turn,Plaza 789,96,1,7
26,4,2023-01-17,Malinda,Morteo,Avenida 456,51,1,18
27,4,2023-08-08,Syman,Scarisbrick,Plaza 789,62,1,7
28,4,2023-03-30,Benedick,Doorly,Avenida 456,26,1,19
29,5,2022-09-15,Brandais,enzley,Plaza 789,87,1,16
30,5,2023-07-02,Ibrahim,Leither,Calle 123,44,1,22
31,5,2023-03-08,Felicia,Benitez,Calle 123,39,1,24
32,4,2022-12-28,Carlee,Dizlie,Plaza 789,10,1,9
33,1,2023-07-28,Tobin,Eglaise,Calle 123,68,1,11
34,1,2022-09-12,Lon,Sunter,Plaza 789,10,1,14
35,4,2022-12-29,Sydelle,Lightbourne,Avenida 456,8,1,21
36,2,2023-02-02,Teri,O'Hdirscoll,Calle 123,12,1,12
37,1,2023-07-13,Therine,Godlip,Plaza 789,25,1,6
38,1,2023-07-29,Consalve,Rabb,Avenida 456,2,1,16
39,6,2022-08-23,Moselle,Spratley,Avenida 456,25,1,20
40,5,2022-12-30,Enoch,Scourgie,Calle 123,89,1,10
41,7,2022-12-08,Mead,Pryer,Plaza 789,25,1,20
42,1,2023-08-03,Willyt,Ingram,Plaza 789,75,1,1
43,3,2022-11-10,Terrence,Haker,Plaza 789,28,1,7
44,2,2023-04-07,Herbie,Boscott,Plaza 789,81,1,16
45,1,2023-07-06,Melantha,Carde,Calle 123,12,1,12
46,3,2023-06-27,Meaghan,Aston,Avenida 456,20,1,16
47,7,2023-07-09,Gisela,Menichini,Calle 123,72,1,15
48,3,2023-02-05,Haskel,Coate,Plaza 789,69,1,13
49,5,2023-06-12,Gerry,Gullberg,Calle 123,75,1,7
50,2,2023-03-30,Selig,Sedgemond,Avenida 456,73,1,24
51,6,2023-07-25,Augusto,Coryndon,Calle 123,16,1,13
52,2,2022-12-08,Knox,Dey,Plaza 789,68,1,14
53,3,2023-07-22,Bessy,Feaveer,Avenida 456,7,1,23
54,6,2023-07-20,Marjorie,Rogliero,Calle 123,72,1,5
55,2,2023-02-04,Daryl,Steljes,Plaza 789,81,1,21
56,5,2022-09-15,Dallas,Hardaway,Avenida 456,14,1,6
57,3,2022-11-09,Maddie,Matuskiewicz,Avenida 456,25,1,21
58,5,2022-09-29,Issie,Conry,Calle 123,83,1,23
59,2,2023-01-05,Brendis,Walak,Calle 123,98,1,5
60,2,2022-12-15,Ado,Laurentino,Plaza 789,57,1,17
61,1,2023-07-27,Stacey,Rumbelow,Plaza 789,4,1,7
62,3,2022-08-24,Ruttger,Basketfield,Calle 123,75,1,21
63,6,2023-04-03,Gayelord,Pennuzzi,Calle 123,19,1,21
64,3,2023-06-17,Chad,Clack,Calle 123,24,1,21
65,7,2023-08-11,Nolana,Davet,Avenida 456,87,1,19
66,5,2022-09-27,Barn,Undy,Calle 123,6,1,15
67,5,2023-01-09,Cecil,Bollini,Calle 123,70,1,9
68,6,2023-01-13,Brody,Purvey,Calle 123,94,1,22
69,1,2023-06-18,Meggi,Cicchetto,Calle 123,48,1,13
70,1,2022-12-29,Alvin,St. Quentin,Plaza 789,3,1,17
71,7,2023-01-25,Flori,Tremellier,Plaza 789,63,1,19
72,5,2022-12-08,Dwain,Ilchenko,Plaza 789,50,1,23
73,1,2023-01-31,Shermy,Betton,Calle 123,60,1,15
74,6,2023-01-18,Marcelia,Blanning,Avenida 456,12,1,19
75,5,2023-06-28,Loraine,Baudone,Plaza 789,98,1,8
76,1,2022-08-21,Rich,McGlew,Plaza 789,39,1,4
77,2,2023-08-15,Lewes,Canet,Avenida 456,26,1,15
78,4,2023-06-04,Nike,Vasilyev,Calle 123,69,1,11
79,3,2022-12-16,Rudolf,Collip,Avenida 456,65,1,14
80,2,2023-06-20,Zita,Briton,Plaza 789,6,1,24
81,5,2023-04-15,Lucais,Echallier,Calle 123,19,1,16
82,4,2023-03-10,Hyatt,Leidecker,Calle 123,57,1,17
83,5,2022-09-06,Rebekkah,Winspurr,Plaza 789,9,1,2
84,6,2022-10-19,Tildi,Tear,Calle 123,40,1,12
85,3,2022-11-16,Amos,Burge,Avenida 456,30,1,7
86,1,2023-04-15,Niko,Ferreo,Avenida 456,81,1,8
87,2,2023-04-12,Karrah,Rudge,Avenida 456,55,1,4
88,1,2023-08-12,Geoffry,Tidball,Avenida 456,2,1,6
89,2,2022-09-18,Elfreda,Smallsman,Calle 123,22,1,9
90,3,2022-08-24,Page,Bockings,Avenida 456,76,1,5
91,5,2022-10-20,Hilliard,Chorley,Avenida 456,56,1,10
92,7,2022-10-02,Norma,Bente,Calle 123,13,1,21
93,2,2023-01-11,Diarmid,Lovering,Avenida 456,87,1,15
94,6,2023-03-02,Crissie,Chadderton,Calle 123,94,1,15
95,6,2023-05-03,Kenny,Sherebrook,Avenida 456,18,1,3
96,5,2022-09-16,Boyd,Longo,Plaza 789,77,1,2
97,2,2023-04-12,Jewel,Duffet,Calle 123,75,1,5
98,6,2022-10-06,Papagena,Delicate,Calle 123,65,1,24
99,5,2022-10-21,Arley,Staite,Plaza 789,90,1,22
100,1,2022-12-23,Alex,Knagges,Calle 123,96,1,21
101,1,2022-12-15,Alexandr,Kirdsch,Avenida 456,31,1,23
102,5,2022-09-03,Loni,Lannon,Calle 123,26,1,5
103,7,2022-10-04,Adrianne,Cocklie,Avenida 456,12,1,16
104,4,2023-01-22,Hannah,Goodyer,Calle 123,65,1,10
105,1,2023-05-23,Josselyn,Sooley,Plaza 789,73,1,3
106,4,2023-01-27,Devlen,Brakespear,Avenida 456,10,1,10
107,4,2023-01-19,Kristopher,Gribbin,Plaza 789,53,1,2
108,2,2022-10-24,Mariejeanne,Bolter,Avenida 456,2,1,21
109,2,2023-03-16,Ulrica,Cruddas,Plaza 789,25,1,19
110,7,2022-11-16,Nathan,Teese,Calle 123,72,1,5
111,4,2022-10-14,Danie,Bruneton,Avenida 456,32,1,11
112,2,2023-03-19,Lalo,Hartzog,Avenida 456,22,1,9
113,3,2023-03-13,Anderson,Etchells,Avenida 456,50,1,22
114,4,2023-02-23,Clari,Indruch,Calle 123,33,1,15
115,1,2023-04-15,Sigismondo,Sotheby,Calle 123,84,1,7
116,4,2022-12-23,Marylinda,de Mendoza,Avenida 456,47,1,1
117,2,2022-09-29,Yul,Le Conte,Avenida 456,1,1,2
118,4,2023-02-23,Shurwood,Elsley,Plaza 789,81,1,12
119,6,2023-07-21,Chaunce,Alldis,Plaza 789,55,1,9
120,1,2022-10-17,Sophi,Moran,Calle 123,15,1,22
121,2,2022-11-06,Diarmid,Schohier,Avenida 456,62,1,1
122,7,2023-02-03,Christal,Lummis,Plaza 789,24,1,12
123,6,2023-03-01,Scott,Hallwood,Calle 123,12,1,7
124,2,2023-07-03,Shara,Fear,Plaza 789,5,1,22
125,1,2022-10-14,Juliette,Malamore,Calle 123,98,1,22
126,1,2023-05-23,Dorrie,Ogger,Calle 123,26,1,18
127,5,2022-09-21,Cointon,Embury,Plaza 789,27,1,24
128,4,2023-04-19,Leonid,Louis,Plaza 789,69,1,14
129,7,2023-01-20,Aileen,Beedham,Calle 123,43,1,20
130,7,2022-11-03,Colly,Naptin,Calle 123,71,1,5
131,5,2022-10-13,Dick,Corneliussen,Avenida 456,59,1,2
132,2,2022-09-25,Gawen,Challes,Plaza 789,26,1,13
133,2,2022-09-14,Marty,McClurg,Calle 123,60,1,13
134,3,2023-03-27,Addie,Garbar,Calle 123,59,1,1
135,2,2022-09-01,Raynor,Santello,Calle 123,74,1,18
136,6,2023-01-25,Vidovik,Simkiss,Avenida 456,31,1,18
137,7,2023-03-28,Albrecht,Pyecroft,Calle 123,18,1,14
138,7,2023-07-12,Morty,MacPaden,Plaza 789,20,1,12
139,4,2023-07-14,Theresita,Appleton,Avenida 456,72,1,24
140,1,2022-12-10,Morly,Salasar,Plaza 789,14,1,24
141,7,2023-05-11,Fayette,Hudless,Calle 123,23,1,20
142,2,2023-07-28,Corbin,Diffley,Plaza 789,5,1,10
143,6,2023-06-22,Salomon,Yeeles,Plaza 789,96,1,7
144,2,2022-08-21,Margaux,Margrem,Calle 123,66,1,10
145,4,2023-02-11,Jolynn,Cargill,Plaza 789,95,1,1
146,1,2023-05-29,Orelie,Bilby,Calle 123,43,1,14
147,7,2023-02-13,Bay,Chasteney,Plaza 789,14,1,11
148,4,2023-05-17,Tobit,Jamme,Calle 123,73,1,19
149,3,2023-08-15,Gerty,Sayles,Plaza 789,98,1,17
150,4,2022-08-20,Tedi,Ilchuk,Plaza 789,62,1,13
